﻿Name,Team,Passing Yards,image_path
G.smith,Seattle Seahawks,3035,G.Smith.png
J.Burrow,Cincinnati Bengals,3028,J.Burrow.png
L.Jackson,Baltimore Ravens,2876,L.Jackson.png
C.J.Stroud,Houston Texans,2875,C.J.Stroud.png
K.Cousins,Atlanta Falcons,2807,K.Cousins.png
M.stafford,Los Angeles Rams,2800,G.Smith.png
B.Mayfield,Tampa Bay Buccaneers,2799,J.Burrow.png
J.Goff,Detroit Lions,2761,L.Jackson.png
S.Darnold,Minnesota Vikings,2717,C.J.Stroud.png
P.Mahomes,Kansas City Chiefs,2673,K.Cousins.png