﻿Name,Team,Receiving Yards,image_path
J.Chase,Cincinnati Bengals,1056,J.Chase.png
J.Jefferson,Minnesota Vikings,939,J.Jefferson.png
C.Lambs,Dallas Cowboys,841,C.Lambs.png
T.McLaurin,Washington Commanders,823,T.McLaurin.png
G.Pickens,Pittsburgh Steelers,776,G.Pickens.png
J.Smith-Njigba,Seattle Seahawks,755,J.Chase.png
A.St.Brown,Detroit Lions,747,J.Jefferson.png
B.Bowers,Las Vegas Raiders,744,C.Lambs.png
C.Sutton,Denver Broncos,744,T.McLaurin.png
A.J.Brown,Philadelphia Eagles,727,G.Pickens.png